{
  "wordCloudData": [
    {
      "value": "ect",
      "count": 1387
    },
    {
      "value": "enron",
      "count": 716
    },
    {
      "value": "would",
      "count": 466
    },
    {
      "value": "subject",
      "count": 436
    },
    {
      "value": "cc",
      "count": 419
    },
    {
      "value": "forwarded",
      "count": 419
    },
    {
      "value": "please",
      "count": 406
    },
    {
      "value": "gas",
      "count": 396
    },
    {
      "value": "power",
      "count": 280
    },
    {
      "value": "need",
      "count": 262
    },
    {
      "value": "get",
      "count": 234
    },
    {
      "value": "ees",
      "count": 228
    },
    {
      "value": "call",
      "count": 217
    },
    {
      "value": "new",
      "count": 211
    },
    {
      "value": "project",
      "count": 203
    },
    {
      "value": "meeting",
      "count": 200
    },
    {
      "value": "enronxgate",
      "count": 197
    },
    {
      "value": "loan",
      "count": 190
    },
    {
      "value": "time",
      "count": 187
    },
    {
      "value": "know",
      "count": 181
    },
    {
      "value": "also",
      "count": 179
    },
    {
      "value": "market",
      "count": 178
    },
    {
      "value": "like",
      "count": 175
    },
    {
      "value": "image",
      "count": 175
    },
    {
      "value": "price",
      "count": 169
    },
    {
      "value": "email",
      "count": 165
    },
    {
      "value": "cost",
      "count": 158
    },
    {
      "value": "prices",
      "count": 145
    },
    {
      "value": "work",
      "count": 144
    },
    {
      "value": "list",
      "count": 143
    },
    {
      "value": "use",
      "count": 141
    },
    {
      "value": "let",
      "count": 137
    },
    {
      "value": "one",
      "count": 136
    },
    {
      "value": "plan",
      "count": 133
    },
    {
      "value": "said",
      "count": 132
    },
    {
      "value": "information",
      "count": 130
    },
    {
      "value": "construction",
      "count": 128
    },
    {
      "value": "land",
      "count": 127
    },
    {
      "value": "want",
      "count": 127
    },
    {
      "value": "costs",
      "count": 122
    },
    {
      "value": "sent",
      "count": 121
    },
    {
      "value": "questions",
      "count": 120
    },
    {
      "value": "see",
      "count": 120
    },
    {
      "value": "position",
      "count": 119
    },
    {
      "value": "thanks",
      "count": 117
    },
    {
      "value": "think",
      "count": 113
    },
    {
      "value": "attached",
      "count": 109
    },
    {
      "value": "lot",
      "count": 108
    },
    {
      "value": "may",
      "count": 108
    },
    {
      "value": "thank",
      "count": 104
    },
    {
      "value": "access",
      "count": 104
    },
    {
      "value": "energy",
      "count": 103
    },
    {
      "value": "units",
      "count": 101
    },
    {
      "value": "deal",
      "count": 100
    },
    {
      "value": "loans",
      "count": 99
    },
    {
      "value": "could",
      "count": 99
    },
    {
      "value": "go",
      "count": 98
    },
    {
      "value": "back",
      "count": 98
    },
    {
      "value": "make",
      "count": 96
    },
    {
      "value": "manager",
      "count": 96
    },
    {
      "value": "good",
      "count": 96
    },
    {
      "value": "west",
      "count": 96
    },
    {
      "value": "still",
      "count": 95
    },
    {
      "value": "per",
      "count": 94
    },
    {
      "value": "site",
      "count": 93
    },
    {
      "value": "trading",
      "count": 93
    },
    {
      "value": "desk",
      "count": 93
    },
    {
      "value": "request",
      "count": 92
    },
    {
      "value": "going",
      "count": 92
    },
    {
      "value": "cash",
      "count": 92
    },
    {
      "value": "date",
      "count": 91
    },
    {
      "value": "send",
      "count": 89
    },
    {
      "value": "help",
      "count": 89
    },
    {
      "value": "following",
      "count": 88
    },
    {
      "value": "yes",
      "count": 87
    },
    {
      "value": "basis",
      "count": 87
    },
    {
      "value": "forward",
      "count": 86
    },
    {
      "value": "free",
      "count": 86
    },
    {
      "value": "click",
      "count": 85
    },
    {
      "value": "total",
      "count": 85
    },
    {
      "value": "take",
      "count": 81
    },
    {
      "value": "traders",
      "count": 81
    },
    {
      "value": "data",
      "count": 80
    },
    {
      "value": "utilities",
      "count": 80
    },
    {
      "value": "office",
      "count": 79
    },
    {
      "value": "us",
      "count": 78
    },
    {
      "value": "file",
      "count": 78
    },
    {
      "value": "physical",
      "count": 77
    },
    {
      "value": "name",
      "count": 77
    },
    {
      "value": "much",
      "count": 76
    },
    {
      "value": "value",
      "count": 75
    },
    {
      "value": "since",
      "count": 75
    },
    {
      "value": "property",
      "count": 73
    },
    {
      "value": "find",
      "count": 73
    },
    {
      "value": "demand",
      "count": 73
    },
    {
      "value": "first",
      "count": 72
    },
    {
      "value": "index",
      "count": 72
    },
    {
      "value": "regarding",
      "count": 71
    },
    {
      "value": "trades",
      "count": 71
    },
    {
      "value": "try",
      "count": 70
    },
    {
      "value": "might",
      "count": 70
    },
    {
      "value": "company",
      "count": 70
    },
    {
      "value": "give",
      "count": 70
    },
    {
      "value": "current",
      "count": 70
    },
    {
      "value": "two",
      "count": 70
    },
    {
      "value": "equity",
      "count": 70
    },
    {
      "value": "report",
      "count": 70
    },
    {
      "value": "positions",
      "count": 69
    },
    {
      "value": "issues",
      "count": 69
    },
    {
      "value": "book",
      "count": 69
    },
    {
      "value": "check",
      "count": 69
    },
    {
      "value": "paid",
      "count": 69
    },
    {
      "value": "amount",
      "count": 69
    },
    {
      "value": "high",
      "count": 68
    },
    {
      "value": "due",
      "count": 67
    },
    {
      "value": "internet",
      "count": 67
    },
    {
      "value": "team",
      "count": 67
    },
    {
      "value": "l",
      "count": 66
    },
    {
      "value": "socal",
      "count": 66
    },
    {
      "value": "receive",
      "count": 66
    },
    {
      "value": "id",
      "count": 66
    },
    {
      "value": "note",
      "count": 66
    },
    {
      "value": "line",
      "count": 65
    },
    {
      "value": "response",
      "count": 65
    },
    {
      "value": "anyone",
      "count": 65
    },
    {
      "value": "different",
      "count": 64
    },
    {
      "value": "rent",
      "count": 64
    },
    {
      "value": "number",
      "count": 64
    },
    {
      "value": "state",
      "count": 64
    },
    {
      "value": "iso",
      "count": 64
    },
    {
      "value": "set",
      "count": 63
    },
    {
      "value": "discuss",
      "count": 63
    },
    {
      "value": "update",
      "count": 63
    },
    {
      "value": "look",
      "count": 63
    },
    {
      "value": "pay",
      "count": 63
    },
    {
      "value": "2",
      "count": 63
    },
    {
      "value": "outlook",
      "count": 63
    },
    {
      "value": "change",
      "count": 62
    },
    {
      "value": "order",
      "count": 61
    },
    {
      "value": "5",
      "count": 60
    },
    {
      "value": "contact",
      "count": 60
    },
    {
      "value": "p",
      "count": 60
    },
    {
      "value": "unit",
      "count": 60
    },
    {
      "value": "able",
      "count": 60
    },
    {
      "value": "front",
      "count": 60
    },
    {
      "value": "provide",
      "count": 60
    },
    {
      "value": "1",
      "count": 59
    },
    {
      "value": "sure",
      "count": 59
    },
    {
      "value": "received",
      "count": 59
    },
    {
      "value": "higher",
      "count": 59
    },
    {
      "value": "phillip",
      "count": 59
    },
    {
      "value": "fax",
      "count": 58
    },
    {
      "value": "start",
      "count": 58
    },
    {
      "value": "address",
      "count": 57
    },
    {
      "value": "using",
      "count": 56
    },
    {
      "value": "point",
      "count": 56
    },
    {
      "value": "based",
      "count": 56
    },
    {
      "value": "million",
      "count": 56
    },
    {
      "value": "points",
      "count": 56
    },
    {
      "value": "closing",
      "count": 56
    },
    {
      "value": "way",
      "count": 55
    },
    {
      "value": "partnership",
      "count": 55
    },
    {
      "value": "full",
      "count": 55
    },
    {
      "value": "type",
      "count": 55
    },
    {
      "value": "buy",
      "count": 55
    },
    {
      "value": "business",
      "count": 54
    },
    {
      "value": "design",
      "count": 54
    },
    {
      "value": "many",
      "count": 54
    },
    {
      "value": "ferc",
      "count": 54
    },
    {
      "value": "10",
      "count": 53
    },
    {
      "value": "review",
      "count": 53
    },
    {
      "value": "improvement",
      "count": 53
    },
    {
      "value": "contract",
      "count": 53
    },
    {
      "value": "description",
      "count": 53
    },
    {
      "value": "offer",
      "count": 53
    },
    {
      "value": "else",
      "count": 53
    },
    {
      "value": "available",
      "count": 53
    },
    {
      "value": "natural",
      "count": 52
    },
    {
      "value": "possible",
      "count": 52
    },
    {
      "value": "daily",
      "count": 52
    },
    {
      "value": "used",
      "count": 52
    },
    {
      "value": "fees",
      "count": 52
    },
    {
      "value": "migration",
      "count": 52
    },
    {
      "value": "even",
      "count": 51
    },
    {
      "value": "bid",
      "count": 51
    },
    {
      "value": "less",
      "count": 51
    },
    {
      "value": "program",
      "count": 51
    },
    {
      "value": "load",
      "count": 51
    },
    {
      "value": "phone",
      "count": 50
    },
    {
      "value": "believe",
      "count": 50
    },
    {
      "value": "complete",
      "count": 50
    },
    {
      "value": "general",
      "count": 50
    },
    {
      "value": "looks",
      "count": 50
    },
    {
      "value": "message",
      "count": 50
    },
    {
      "value": "risk",
      "count": 49
    },
    {
      "value": "spreadsheet",
      "count": 49
    },
    {
      "value": "probably",
      "count": 49
    },
    {
      "value": "profit",
      "count": 49
    },
    {
      "value": "plans",
      "count": 49
    },
    {
      "value": "deals",
      "count": 48
    },
    {
      "value": "prior",
      "count": 48
    },
    {
      "value": "numbers",
      "count": 48
    },
    {
      "value": "center",
      "count": 48
    },
    {
      "value": "however",
      "count": 48
    },
    {
      "value": "development",
      "count": 47
    },
    {
      "value": "needs",
      "count": 47
    },
    {
      "value": "show",
      "count": 47
    },
    {
      "value": "investment",
      "count": 47
    },
    {
      "value": "soon",
      "count": 47
    },
    {
      "value": "long",
      "count": 47
    },
    {
      "value": "comments",
      "count": 47
    },
    {
      "value": "3",
      "count": 46
    },
    {
      "value": "left",
      "count": 46
    },
    {
      "value": "respond",
      "count": 46
    },
    {
      "value": "credit",
      "count": 46
    },
    {
      "value": "support",
      "count": 46
    },
    {
      "value": "part",
      "count": 45
    },
    {
      "value": "additional",
      "count": 45
    },
    {
      "value": "pm",
      "count": 45
    },
    {
      "value": "actual",
      "count": 45
    },
    {
      "value": "house",
      "count": 45
    },
    {
      "value": "group",
      "count": 44
    },
    {
      "value": "grid",
      "count": 44
    },
    {
      "value": "interest",
      "count": 44
    },
    {
      "value": "weather",
      "count": 44
    },
    {
      "value": "schedule",
      "count": 43
    },
    {
      "value": "open",
      "count": 43
    },
    {
      "value": "getting",
      "count": 43
    },
    {
      "value": "room",
      "count": 43
    },
    {
      "value": "place",
      "count": 43
    },
    {
      "value": "issue",
      "count": 43
    },
    {
      "value": "transport",
      "count": 42
    },
    {
      "value": "investor",
      "count": 42
    },
    {
      "value": "direct",
      "count": 42
    },
    {
      "value": "rate",
      "count": 42
    },
    {
      "value": "enough",
      "count": 42
    },
    {
      "value": "e",
      "count": 42
    },
    {
      "value": "web",
      "count": 42
    },
    {
      "value": "real",
      "count": 41
    },
    {
      "value": "initial",
      "count": 41
    },
    {
      "value": "view",
      "count": 41
    },
    {
      "value": "ability",
      "count": 41
    },
    {
      "value": "expenses",
      "count": 41
    },
    {
      "value": "financing",
      "count": 41
    },
    {
      "value": "reports",
      "count": 41
    },
    {
      "value": "user",
      "count": 41
    },
    {
      "value": "around",
      "count": 41
    },
    {
      "value": "done",
      "count": 41
    },
    {
      "value": "mw",
      "count": 41
    },
    {
      "value": "director",
      "count": 41
    },
    {
      "value": "right",
      "count": 41
    },
    {
      "value": "instructions",
      "count": 41
    },
    {
      "value": "western",
      "count": 41
    },
    {
      "value": "better",
      "count": 40
    },
    {
      "value": "best",
      "count": 40
    },
    {
      "value": "services",
      "count": 40
    },
    {
      "value": "c",
      "count": 40
    },
    {
      "value": "come",
      "count": 40
    },
    {
      "value": "options",
      "count": 40
    },
    {
      "value": "storage",
      "count": 40
    },
    {
      "value": "track",
      "count": 40
    },
    {
      "value": "put",
      "count": 40
    },
    {
      "value": "home",
      "count": 40
    },
    {
      "value": "impact",
      "count": 39
    },
    {
      "value": "north",
      "count": 39
    },
    {
      "value": "ina",
      "count": 39
    },
    {
      "value": "lower",
      "count": 39
    },
    {
      "value": "included",
      "count": 39
    },
    {
      "value": "notes",
      "count": 39
    },
    {
      "value": "area",
      "count": 39
    },
    {
      "value": "trade",
      "count": 38
    },
    {
      "value": "approval",
      "count": 38
    },
    {
      "value": "form",
      "count": 38
    },
    {
      "value": "owa",
      "count": 38
    },
    {
      "value": "bring",
      "count": 38
    },
    {
      "value": "yahoo",
      "count": 38
    },
    {
      "value": "table",
      "count": 37
    },
    {
      "value": "terms",
      "count": 37
    },
    {
      "value": "day",
      "count": 37
    },
    {
      "value": "future",
      "count": 37
    },
    {
      "value": "requested",
      "count": 37
    },
    {
      "value": "password",
      "count": 37
    },
    {
      "value": "require",
      "count": 37
    },
    {
      "value": "detailed",
      "count": 37
    },
    {
      "value": "via",
      "count": 37
    },
    {
      "value": "roof",
      "count": 37
    },
    {
      "value": "system",
      "count": 37
    },
    {
      "value": "forecast",
      "count": 36
    },
    {
      "value": "meetings",
      "count": 36
    },
    {
      "value": "without",
      "count": 36
    },
    {
      "value": "across",
      "count": 36
    },
    {
      "value": "sell",
      "count": 36
    },
    {
      "value": "requirements",
      "count": 36
    },
    {
      "value": "three",
      "count": 36
    },
    {
      "value": "america",
      "count": 36
    },
    {
      "value": "feel",
      "count": 36
    },
    {
      "value": "buyer",
      "count": 36
    },
    {
      "value": "close",
      "count": 36
    },
    {
      "value": "bank",
      "count": 36
    },
    {
      "value": "well",
      "count": 36
    },
    {
      "value": "utility",
      "count": 36
    },
    {
      "value": "read",
      "count": 36
    },
    {
      "value": "items",
      "count": 36
    },
    {
      "value": "4",
      "count": 36
    },
    {
      "value": "contracts",
      "count": 36
    },
    {
      "value": "east",
      "count": 36
    },
    {
      "value": "required",
      "count": 35
    },
    {
      "value": "product",
      "count": 35
    },
    {
      "value": "rentroll",
      "count": 35
    },
    {
      "value": "spread",
      "count": 35
    },
    {
      "value": "currently",
      "count": 35
    },
    {
      "value": "side",
      "count": 35
    },
    {
      "value": "financial",
      "count": 35
    },
    {
      "value": "improvements",
      "count": 35
    },
    {
      "value": "funds",
      "count": 35
    },
    {
      "value": "builders",
      "count": 35
    },
    {
      "value": "end",
      "count": 35
    },
    {
      "value": "wants",
      "count": 35
    },
    {
      "value": "ca",
      "count": 35
    },
    {
      "value": "jones",
      "count": 35
    },
    {
      "value": "bloomberg",
      "count": 35
    },
    {
      "value": "far",
      "count": 34
    },
    {
      "value": "working",
      "count": 34
    },
    {
      "value": "likely",
      "count": 34
    },
    {
      "value": "building",
      "count": 34
    },
    {
      "value": "create",
      "count": 34
    },
    {
      "value": "projects",
      "count": 34
    },
    {
      "value": "selling",
      "count": 34
    },
    {
      "value": "llc",
      "count": 34
    },
    {
      "value": "mail",
      "count": 34
    },
    {
      "value": "another",
      "count": 34
    },
    {
      "value": "bond",
      "count": 34
    },
    {
      "value": "last",
      "count": 34
    },
    {
      "value": "talk",
      "count": 34
    },
    {
      "value": "sources",
      "count": 34
    },
    {
      "value": "plus",
      "count": 33
    },
    {
      "value": "made",
      "count": 33
    },
    {
      "value": "sales",
      "count": 33
    },
    {
      "value": "trader",
      "count": 33
    },
    {
      "value": "include",
      "count": 33
    },
    {
      "value": "city",
      "count": 33
    },
    {
      "value": "40",
      "count": 33
    },
    {
      "value": "average",
      "count": 33
    },
    {
      "value": "starting",
      "count": 33
    },
    {
      "value": "capacity",
      "count": 33
    },
    {
      "value": "sold",
      "count": 33
    },
    {
      "value": "money",
      "count": 33
    },
    {
      "value": "feedback",
      "count": 33
    },
    {
      "value": "plants",
      "count": 33
    },
    {
      "value": "fixed",
      "count": 32
    },
    {
      "value": "electricity",
      "count": 32
    },
    {
      "value": "communication",
      "count": 32
    },
    {
      "value": "tds",
      "count": 32
    },
    {
      "value": "add",
      "count": 32
    },
    {
      "value": "estimates",
      "count": 32
    },
    {
      "value": "proforma",
      "count": 32
    },
    {
      "value": "near",
      "count": 32
    },
    {
      "value": "fee",
      "count": 32
    },
    {
      "value": "people",
      "count": 32
    },
    {
      "value": "details",
      "count": 32
    },
    {
      "value": "plant",
      "count": 32
    },
    {
      "value": "customers",
      "count": 32
    },
    {
      "value": "central",
      "count": 32
    },
    {
      "value": "wholesale",
      "count": 32
    },
    {
      "value": "billion",
      "count": 32
    },
    {
      "value": "dow",
      "count": 32
    },
    {
      "value": "street",
      "count": 31
    },
    {
      "value": "approved",
      "count": 31
    },
    {
      "value": "question",
      "count": 31
    },
    {
      "value": "online",
      "count": 31
    },
    {
      "value": "summary",
      "count": 31
    },
    {
      "value": "deposit",
      "count": 31
    },
    {
      "value": "expect",
      "count": 31
    },
    {
      "value": "agreement",
      "count": 31
    },
    {
      "value": "input",
      "count": 31
    },
    {
      "value": "something",
      "count": 31
    },
    {
      "value": "expected",
      "count": 31
    },
    {
      "value": "exchange",
      "count": 31
    },
    {
      "value": "prepared",
      "count": 31
    },
    {
      "value": "visit",
      "count": 31
    },
    {
      "value": "computer",
      "count": 31
    },
    {
      "value": "mentioned",
      "count": 31
    },
    {
      "value": "keep",
      "count": 31
    },
    {
      "value": "service",
      "count": 31
    },
    {
      "value": "peak",
      "count": 30
    },
    {
      "value": "things",
      "count": 30
    },
    {
      "value": "fall",
      "count": 30
    },
    {
      "value": "short",
      "count": 30
    },
    {
      "value": "payment",
      "count": 30
    },
    {
      "value": "purchase",
      "count": 30
    },
    {
      "value": "engineer",
      "count": 30
    },
    {
      "value": "cb",
      "count": 30
    },
    {
      "value": "every",
      "count": 30
    },
    {
      "value": "pipeline",
      "count": 30
    },
    {
      "value": "asked",
      "count": 30
    },
    {
      "value": "space",
      "count": 30
    },
    {
      "value": "increase",
      "count": 30
    },
    {
      "value": "aes",
      "count": 30
    },
    {
      "value": "supply",
      "count": 29
    },
    {
      "value": "yet",
      "count": 29
    },
    {
      "value": "copy",
      "count": 29
    },
    {
      "value": "accepted",
      "count": 29
    },
    {
      "value": "b",
      "count": 29
    },
    {
      "value": "region",
      "count": 29
    },
    {
      "value": "looking",
      "count": 29
    },
    {
      "value": "california",
      "count": 29
    },
    {
      "value": "according",
      "count": 29
    },
    {
      "value": "meet",
      "count": 29
    },
    {
      "value": "presentation",
      "count": 28
    },
    {
      "value": "firm",
      "count": 28
    },
    {
      "value": "consolidated",
      "count": 28
    },
    {
      "value": "x",
      "count": 28
    },
    {
      "value": "fine",
      "count": 28
    },
    {
      "value": "sign",
      "count": 28
    },
    {
      "value": "rental",
      "count": 28
    },
    {
      "value": "process",
      "count": 28
    },
    {
      "value": "management",
      "count": 28
    },
    {
      "value": "scheduled",
      "count": 28
    },
    {
      "value": "account",
      "count": 28
    },
    {
      "value": "ahead",
      "count": 28
    },
    {
      "value": "mgusa",
      "count": 28
    },
    {
      "value": "answer",
      "count": 28
    },
    {
      "value": "rates",
      "count": 28
    },
    {
      "value": "updated",
      "count": 28
    },
    {
      "value": "quotes",
      "count": 28
    },
    {
      "value": "distribution",
      "count": 27
    },
    {
      "value": "opportunity",
      "count": 27
    },
    {
      "value": "run",
      "count": 27
    },
    {
      "value": "directly",
      "count": 27
    },
    {
      "value": "second",
      "count": 27
    },
    {
      "value": "eol",
      "count": 27
    },
    {
      "value": "follows",
      "count": 27
    },
    {
      "value": "structure",
      "count": 27
    },
    {
      "value": "reach",
      "count": 27
    },
    {
      "value": "low",
      "count": 27
    },
    {
      "value": "concerns",
      "count": 27
    },
    {
      "value": "resource",
      "count": 27
    },
    {
      "value": "analyst",
      "count": 27
    },
    {
      "value": "got",
      "count": 27
    },
    {
      "value": "r",
      "count": 27
    },
    {
      "value": "generation",
      "count": 27
    },
    {
      "value": "cap",
      "count": 27
    },
    {
      "value": "necessary",
      "count": 26
    },
    {
      "value": "either",
      "count": 26
    },
    {
      "value": "must",
      "count": 26
    },
    {
      "value": "large",
      "count": 26
    },
    {
      "value": "screen",
      "count": 26
    },
    {
      "value": "several",
      "count": 26
    },
    {
      "value": "already",
      "count": 26
    },
    {
      "value": "original",
      "count": 26
    },
    {
      "value": "limited",
      "count": 26
    },
    {
      "value": "estimated",
      "count": 26
    },
    {
      "value": "payments",
      "count": 26
    },
    {
      "value": "lots",
      "count": 26
    },
    {
      "value": "dates",
      "count": 26
    },
    {
      "value": "allan",
      "count": 26
    },
    {
      "value": "shively",
      "count": 26
    },
    {
      "value": "little",
      "count": 26
    },
    {
      "value": "personal",
      "count": 26
    },
    {
      "value": "fill",
      "count": 26
    },
    {
      "value": "calendar",
      "count": 26
    },
    {
      "value": "mailbox",
      "count": 26
    },
    {
      "value": "megawatts",
      "count": 26
    },
    {
      "value": "info",
      "count": 26
    },
    {
      "value": "job",
      "count": 26
    },
    {
      "value": "news",
      "count": 26
    },
    {
      "value": "ready",
      "count": 26
    },
    {
      "value": "porch",
      "count": 26
    },
    {
      "value": "garage",
      "count": 26
    },
    {
      "value": "held",
      "count": 25
    },
    {
      "value": "planning",
      "count": 25
    },
    {
      "value": "drive",
      "count": 25
    },
    {
      "value": "cell",
      "count": 25
    },
    {
      "value": "completed",
      "count": 25
    },
    {
      "value": "release",
      "count": 25
    },
    {
      "value": "least",
      "count": 25
    },
    {
      "value": "spec",
      "count": 25
    },
    {
      "value": "final",
      "count": 25
    },
    {
      "value": "needed",
      "count": 25
    },
    {
      "value": "pg",
      "count": 25
    },
    {
      "value": "return",
      "count": 25
    },
    {
      "value": "delivery",
      "count": 25
    },
    {
      "value": "model",
      "count": 25
    },
    {
      "value": "survey",
      "count": 25
    },
    {
      "value": "communications",
      "count": 25
    },
    {
      "value": "page",
      "count": 25
    },
    {
      "value": "coverage",
      "count": 25
    },
    {
      "value": "bridge",
      "count": 25
    },
    {
      "value": "floor",
      "count": 24
    },
    {
      "value": "follow",
      "count": 24
    },
    {
      "value": "single",
      "count": 24
    },
    {
      "value": "westgate",
      "count": 24
    },
    {
      "value": "creekside",
      "count": 24
    },
    {
      "value": "though",
      "count": 24
    },
    {
      "value": "cover",
      "count": 24
    },
    {
      "value": "equipment",
      "count": 24
    },
    {
      "value": "materials",
      "count": 24
    },
    {
      "value": "statement",
      "count": 24
    },
    {
      "value": "growth",
      "count": 24
    },
    {
      "value": "transportation",
      "count": 24
    },
    {
      "value": "great",
      "count": 24
    },
    {
      "value": "research",
      "count": 24
    },
    {
      "value": "unsubscribe",
      "count": 24
    },
    {
      "value": "caps",
      "count": 24
    },
    {
      "value": "increased",
      "count": 24
    },
    {
      "value": "puc",
      "count": 24
    },
    {
      "value": "term",
      "count": 23
    },
    {
      "value": "small",
      "count": 23
    },
    {
      "value": "reporting",
      "count": 23
    },
    {
      "value": "location",
      "count": 23
    },
    {
      "value": "15",
      "count": 23
    },
    {
      "value": "partner",
      "count": 23
    },
    {
      "value": "spent",
      "count": 23
    },
    {
      "value": "finally",
      "count": 23
    },
    {
      "value": "strong",
      "count": 23
    },
    {
      "value": "seems",
      "count": 23
    },
    {
      "value": "stage",
      "count": 23
    },
    {
      "value": "executive",
      "count": 23
    },
    {
      "value": "operating",
      "count": 23
    },
    {
      "value": "hope",
      "count": 23
    },
    {
      "value": "exterior",
      "count": 23
    },
    {
      "value": "missed",
      "count": 23
    },
    {
      "value": "degrees",
      "count": 23
    },
    {
      "value": "play",
      "count": 22
    },
    {
      "value": "year",
      "count": 22
    },
    {
      "value": "really",
      "count": 22
    },
    {
      "value": "curve",
      "count": 22
    },
    {
      "value": "column",
      "count": 22
    },
    {
      "value": "problems",
      "count": 22
    },
    {
      "value": "listed",
      "count": 22
    },
    {
      "value": "buyers",
      "count": 22
    },
    {
      "value": "draft",
      "count": 22
    },
    {
      "value": "pass",
      "count": 22
    },
    {
      "value": "tell",
      "count": 22
    },
    {
      "value": "range",
      "count": 22
    },
    {
      "value": "public",
      "count": 22
    },
    {
      "value": "simply",
      "count": 22
    },
    {
      "value": "spoke",
      "count": 22
    },
    {
      "value": "double",
      "count": 22
    },
    {
      "value": "christi",
      "count": 22
    },
    {
      "value": "within",
      "count": 22
    },
    {
      "value": "wscc",
      "count": 22
    },
    {
      "value": "strategy",
      "count": 22
    },
    {
      "value": "story",
      "count": 22
    },
    {
      "value": "6",
      "count": 22
    },
    {
      "value": "special",
      "count": 22
    },
    {
      "value": "temperatures",
      "count": 22
    },
    {
      "value": "level",
      "count": 21
    },
    {
      "value": "changes",
      "count": 21
    },
    {
      "value": "period",
      "count": 21
    },
    {
      "value": "save",
      "count": 21
    },
    {
      "value": "requests",
      "count": 21
    },
    {
      "value": "scope",
      "count": 21
    },
    {
      "value": "trying",
      "count": 21
    },
    {
      "value": "top",
      "count": 21
    },
    {
      "value": "net",
      "count": 21
    },
    {
      "value": "significantly",
      "count": 21
    },
    {
      "value": "sincerely",
      "count": 21
    },
    {
      "value": "wanted",
      "count": 21
    },
    {
      "value": "100",
      "count": 21
    },
    {
      "value": "willing",
      "count": 21
    },
    {
      "value": "subs",
      "count": 21
    },
    {
      "value": "anything",
      "count": 21
    },
    {
      "value": "attorney",
      "count": 21
    },
    {
      "value": "rather",
      "count": 21
    },
    {
      "value": "companies",
      "count": 21
    },
    {
      "value": "tx",
      "count": 21
    },
    {
      "value": "permission",
      "count": 21
    },
    {
      "value": "tenants",
      "count": 21
    },
    {
      "value": "times",
      "count": 21
    },
    {
      "value": "wish",
      "count": 21
    },
    {
      "value": "analysts",
      "count": 21
    },
    {
      "value": "language",
      "count": 21
    },
    {
      "value": "overall",
      "count": 21
    },
    {
      "value": "bills",
      "count": 21
    },
    {
      "value": "legislature",
      "count": 21
    },
    {
      "value": "architect",
      "count": 21
    },
    {
      "value": "appraisal",
      "count": 21
    },
    {
      "value": "others",
      "count": 20
    },
    {
      "value": "updates",
      "count": 20
    },
    {
      "value": "discussed",
      "count": 20
    },
    {
      "value": "75",
      "count": 20
    },
    {
      "value": "percent",
      "count": 20
    },
    {
      "value": "requirement",
      "count": 20
    },
    {
      "value": "excel",
      "count": 20
    },
    {
      "value": "hit",
      "count": 20
    },
    {
      "value": "instead",
      "count": 20
    },
    {
      "value": "package",
      "count": 20
    },
    {
      "value": "sale",
      "count": 20
    },
    {
      "value": "offers",
      "count": 20
    },
    {
      "value": "share",
      "count": 20
    },
    {
      "value": "profits",
      "count": 20
    },
    {
      "value": "analysis",
      "count": 20
    },
    {
      "value": "hard",
      "count": 20
    },
    {
      "value": "labor",
      "count": 20
    },
    {
      "value": "reviewed",
      "count": 20
    },
    {
      "value": "chairperson",
      "count": 20
    },
    {
      "value": "status",
      "count": 20
    },
    {
      "value": "sound",
      "count": 20
    },
    {
      "value": "documents",
      "count": 20
    },
    {
      "value": "latest",
      "count": 20
    },
    {
      "value": "told",
      "count": 20
    },
    {
      "value": "quality",
      "count": 20
    },
    {
      "value": "major",
      "count": 20
    },
    {
      "value": "realize",
      "count": 20
    },
    {
      "value": "roll",
      "count": 20
    },
    {
      "value": "29",
      "count": 20
    },
    {
      "value": "responsible",
      "count": 20
    },
    {
      "value": "participant",
      "count": 20
    },
    {
      "value": "markets",
      "count": 20
    },
    {
      "value": "industry",
      "count": 20
    },
    {
      "value": "mailto",
      "count": 20
    },
    {
      "value": "download",
      "count": 20
    },
    {
      "value": "tori",
      "count": 20
    },
    {
      "value": "maintenance",
      "count": 20
    },
    {
      "value": "including",
      "count": 20
    },
    {
      "value": "study",
      "count": 20
    },
    {
      "value": "policy",
      "count": 20
    },
    {
      "value": "rolling",
      "count": 20
    },
    {
      "value": "blackouts",
      "count": 20
    },
    {
      "value": "simple",
      "count": 20
    },
    {
      "value": "kroner",
      "count": 20
    },
    {
      "value": "behind",
      "count": 19
    },
    {
      "value": "detail",
      "count": 19
    },
    {
      "value": "drop",
      "count": 19
    },
    {
      "value": "difficult",
      "count": 19
    },
    {
      "value": "efforts",
      "count": 19
    },
    {
      "value": "priority",
      "count": 19
    },
    {
      "value": "exact",
      "count": 19
    },
    {
      "value": "shown",
      "count": 19
    },
    {
      "value": "changed",
      "count": 19
    },
    {
      "value": "hopefully",
      "count": 19
    },
    {
      "value": "names",
      "count": 19
    },
    {
      "value": "sagewood",
      "count": 19
    },
    {
      "value": "investors",
      "count": 19
    },
    {
      "value": "flow",
      "count": 19
    },
    {
      "value": "mean",
      "count": 19
    },
    {
      "value": "approximately",
      "count": 19
    },
    {
      "value": "works",
      "count": 19
    },
    {
      "value": "say",
      "count": 19
    },
    {
      "value": "always",
      "count": 19
    },
    {
      "value": "hold",
      "count": 19
    },
    {
      "value": "expert",
      "count": 19
    },
    {
      "value": "took",
      "count": 19
    },
    {
      "value": "together",
      "count": 19
    },
    {
      "value": "thought",
      "count": 19
    },
    {
      "value": "later",
      "count": 19
    },
    {
      "value": "client",
      "count": 19
    },
    {
      "value": "bill",
      "count": 19
    },
    {
      "value": "case",
      "count": 19
    },
    {
      "value": "products",
      "count": 19
    },
    {
      "value": "sheet",
      "count": 19
    },
    {
      "value": "wade",
      "count": 19
    },
    {
      "value": "ena",
      "count": 19
    },
    {
      "value": "7",
      "count": 19
    },
    {
      "value": "asset",
      "count": 19
    },
    {
      "value": "senate",
      "count": 19
    },
    {
      "value": "governor",
      "count": 19
    },
    {
      "value": "avoid",
      "count": 19
    },
    {
      "value": "spokesman",
      "count": 19
    },
    {
      "value": "discussions",
      "count": 18
    },
    {
      "value": "greg",
      "count": 18
    },
    {
      "value": "files",
      "count": 18
    },
    {
      "value": "clear",
      "count": 18
    },
    {
      "value": "determine",
      "count": 18
    },
    {
      "value": "addition",
      "count": 18
    },
    {
      "value": "allow",
      "count": 18
    },
    {
      "value": "says",
      "count": 18
    },
    {
      "value": "means",
      "count": 18
    },
    {
      "value": "alternative",
      "count": 18
    },
    {
      "value": "produce",
      "count": 18
    },
    {
      "value": "water",
      "count": 18
    },
    {
      "value": "activity",
      "count": 18
    },
    {
      "value": "third",
      "count": 18
    },
    {
      "value": "overhead",
      "count": 18
    },
    {
      "value": "repeats",
      "count": 18
    },
    {
      "value": "occurs",
      "count": 18
    },
    {
      "value": "sorry",
      "count": 18
    },
    {
      "value": "along",
      "count": 18
    },
    {
      "value": "vs",
      "count": 18
    },
    {
      "value": "severe",
      "count": 18
    },
    {
      "value": "town",
      "count": 18
    },
    {
      "value": "normal",
      "count": 18
    },
    {
      "value": "updating",
      "count": 18
    },
    {
      "value": "shared",
      "count": 18
    },
    {
      "value": "applications",
      "count": 18
    },
    {
      "value": "leave",
      "count": 18
    },
    {
      "value": "game",
      "count": 18
    },
    {
      "value": "2000",
      "count": 18
    },
    {
      "value": "25",
      "count": 18
    },
    {
      "value": "moving",
      "count": 18
    },
    {
      "value": "hear",
      "count": 18
    },
    {
      "value": "choose",
      "count": 18
    },
    {
      "value": "reduction",
      "count": 18
    },
    {
      "value": "beginning",
      "count": 18
    },
    {
      "value": "maybe",
      "count": 18
    },
    {
      "value": "consider",
      "count": 18
    },
    {
      "value": "continue",
      "count": 18
    },
    {
      "value": "pira",
      "count": 18
    },
    {
      "value": "mwa",
      "count": 18
    }
  ]
}